First Name,Last Name,Date of Birth,Identification Number,Address,Phone Number,Checking Starting Balance,Checking Account Number,Savings Starting Balance,Savings Account Number,Credit Starting Balance,Credit Account Number,Credit Max,Email,Password
Daniel,V,"July 27, 1944",99,"500 W. University Ave, El Paso, TX 79968",(915) 747-5062,841.92,1098,3651.41,2098,-1721.86,3098,6221.0,DanielV@disney.com,V*Daniel!987
Daniel,U,"September 23, 1986",98,"500 W. University Ave, El Paso, TX 79968",(915) 747-5061,1875.61,1097,284.66,2097,-1963.67,3097,4959.0,DanielU@disney.com,U*Daniel!987
Laura,Blanco,"November 27, 1947",64,"500 W. University Ave, El Paso, TX 79968",(915) 747-5027,5409.83,1063,4993.04,2063,-1698.0,3063,8324.0,LauraBlanco@disney.com,Blanco*Laura!987
Alex,Avila,"January 15, 2010",38,"500 W. University Ave, El Paso, TX 79968",(915) 747-5001,5511.860000000001,1037,4690.72,2037,-1811.46,3037,7742.0,AlexAvila@disney.com,Avila*Alex!987
Daniel,T,"October 15, 1938",97,"500 W. University Ave, El Paso, TX 79968",(915) 747-5060,1575.93,1096,3933.31,2096,-5.74,3096,7789.0,DanielT@disney.com,T*Daniel!987
Daniel,S,"February 3, 1961",96,"500 W. University Ave, El Paso, TX 79968",(915) 747-5059,1251.38,1095,4256.77,2095,-1147.74,3095,8566.0,DanielS@disney.com,S*Daniel!987
Daniel,R,"July 14, 1958",95,"500 W. University Ave, El Paso, TX 79968",(915) 747-5058,46.94,1094,3708.68,2094,-1805.86,3094,9724.0,DanielR@disney.com,R*Daniel!987
Daniel,Q,"October 1, 2001",94,"500 W. University Ave, El Paso, TX 79968",(915) 747-5057,1427.95,1093,2453.7,2093,-731.09,3093,5752.0,DanielQ@disney.com,Q*Daniel!987
Alberto,Miranda,"November 17, 1930",37,"500 W. University Ave, El Paso, TX 79968",(915) 747-5000,4377.43,1036,4344.77,2036,-589.8,3036,5916.0,AlbertoMiranda@disney.com,Miranda*Alberto!987
Daniel,P,"January 4, 1954",93,"500 W. University Ave, El Paso, TX 79968",(915) 747-5056,953.44,1092,2992.45,2092,-1254.62,3092,9482.0,DanielP@disney.com,P*Daniel!987
Daniel,O,"November 6, 1979",92,"500 W. University Ave, El Paso, TX 79968",(915) 747-5055,140.53,1091,1335.0,2091,-602.69,3091,8467.0,DanielO@disney.com,O*Daniel!987
Christopher,Reyes,"August 21, 1993",46,"500 W. University Ave, El Paso, TX 79968",(915) 747-5009,5759.86,1045,597.8,2045,-1926.88,3045,6269.0,ChristopherReyes@disney.com,Reyes*Christopher!987
Daniel,N,"April 11, 1942",91,"500 W. University Ave, El Paso, TX 79968",(915) 747-5054,1016.8,1090,2149.51,2090,-716.7,3090,4975.0,DanielN@disney.com,N*Daniel!987
Daniel,L,"May 15, 1930",90,"500 W. University Ave, El Paso, TX 79968",(915) 747-5053,679.06,1089,3328.88,2089,-244.06,3089,7403.0,DanielL@disney.com,L*Daniel!987
Daniel,K,"December 31, 2015",89,"500 W. University Ave, El Paso, TX 79968",(915) 747-5052,1699.61,1088,1577.7,2088,-165.76,3088,6233.0,DanielK@disney.com,K*Daniel!987
Roberto,Carrasco,"September 15, 1940",73,"500 W. University Ave, El Paso, TX 79968",(915) 747-5036,4159.05,1072,1423.99,2072,-1101.52,3072,7847.0,RobertoCarrasco@disney.com,Carrasco*Roberto!987
Daniel,J,"December 19, 1939",88,"500 W. University Ave, El Paso, TX 79968",(915) 747-5051,156.17,1087,21.57,2087,-197.37,3087,5794.0,DanielJ@disney.com,J*Daniel!987
Daniel,I,"September 17, 1930",87,"500 W. University Ave, El Paso, TX 79968",(915) 747-5050,653.47,1086,4810.3,2086,-168.05,3086,3734.0,DanielI@disney.com,I*Daniel!987
Daniel,H,"July 11, 1982",86,"500 W. University Ave, El Paso, TX 79968",(915) 747-5049,1615.38,1085,2505.64,2085,-366.29,3085,5450.0,DanielH@disney.com,H*Daniel!987
Daniel,G,"June 23, 1965",85,"500 W. University Ave, El Paso, TX 79968",(915) 747-5048,717.17,1084,1686.03,2084,-782.02,3084,7368.0,DanielG@disney.com,G*Daniel!987
Daniel,F,"March 13, 2005",84,"500 W. University Ave, El Paso, TX 79968",(915) 747-5047,599.65,1083,2848.19,2083,-453.44,3083,6273.0,DanielF@disney.com,F*Daniel!987
Daniel,E,"February 23, 1991",83,"500 W. University Ave, El Paso, TX 79968",(915) 747-5046,818.28,1082,2738.27,2082,-1854.01,3082,9370.0,DanielE@disney.com,E*Daniel!987
Robert,Evans,"July 3, 1944",72,"500 W. University Ave, El Paso, TX 79968",(915) 747-5035,4204.97,1071,4128.87,2071,-1569.94,3071,9454.0,RobertEvans@disney.com,Evans*Robert!987
Daniel,D,"June 16, 1940",82,"500 W. University Ave, El Paso, TX 79968",(915) 747-5045,79.25,1081,516.12,2081,-1438.09,3081,3327.0,DanielD@disney.com,D*Daniel!987
Daniel,C,"April 17, 1997",81,"500 W. University Ave, El Paso, TX 79968",(915) 747-5044,250.05,1080,557.56,2080,-1910.77,3080,5016.0,DanielC@disney.com,C*Daniel!987
Gildardo,Orea,"September 17, 2017",55,"500 W. University Ave, El Paso, TX 79968",(915) 747-5018,5025.05,1054,3656.15,2054,-1651.12,3054,6218.0,GildardoOrea@disney.com,Orea*Gildardo!987
Lidice,Castro Jimenez,"September 9, 1967",66,"500 W. University Ave, El Paso, TX 79968",(915) 747-5029,4359.48,1065,3522.0,2065,-848.78,3065,7909.0,LidiceCastro Jimenez@disney.com,Castro Jimenez*Lidice!987
Daniel,B,"October 13, 1999",80,"500 W. University Ave, El Paso, TX 79968",(915) 747-5043,1423.9,1079,105.65,2079,-1387.1,3079,3924.0,DanielB@disney.com,B*Daniel!987
Woody,Disney,"January 24, 1934",16,"1313 Disneyland Dr, Anaheim, CA 92802",(714) 781-4636,961.75,1015,595.11,2015,-1105.12,3015,4456.0,WoodyDisney@disney.com,Disney*Woody!987
Daniel,A,"December 5, 1953",79,"500 W. University Ave, El Paso, TX 79968",(915) 747-5042,1311.17,1078,3198.85,2078,-186.96,3078,3938.0,DanielA@disney.com,A*Daniel!987
Dale,Disney,"January 29, 2012",7,"1313 Disneyland Dr, Anaheim, CA 92802",(714) 781-4636,535.36,1006,4785.86,2006,-1485.87,3006,3974.0,DaleDisney@disney.com,Disney*Dale!987
Brandon,Bustamante,"July 5, 2006",44,"500 W. University Ave, El Paso, TX 79968",(915) 747-5007,6651.36,1043,364.38,2043,-1999.64,3043,4685.0,BrandonBustamante@disney.com,Bustamante*Brandon!987
Joseph,Medina - Sandoval,"August 27, 1955",60,"500 W. University Ave, El Paso, TX 79968",(915) 747-5023,4725.73,1059,1435.25,2059,-38.33,3059,9258.0,JosephMedina - Sandoval@disney.com,Medina - Sandoval*Joseph!987
Evil,Queen,"June 24, 1992",29,"1313 Disneyland Dr, Anaheim, CA 92802",(714) 781-4636,1037.81,1028,2345.06,2028,-1759.08,3028,8201.0,EvilQueen@disney.com,Queen*Evil!987
Stitch,Disney,"March 4, 1987",36,"1313 Disneyland Dr, Anaheim, CA 92802",(714) 781-4636,1339.24,1035,727.62,2035,-91.13,3035,6113.0,StitchDisney@disney.com,Disney*Stitch!987
Federico,Marin,"May 31, 2004",53,"500 W. University Ave, El Paso, TX 79968",(915) 747-5016,4066.5499999999997,1052,2324.71,2052,-1721.32,3052,8840.0,FedericoMarin@disney.com,Marin*Federico!987
Estevan,Ramos,"October 18, 1969",52,"500 W. University Ave, El Paso, TX 79968",(915) 747-5015,5768.89,1051,58.96,2051,-1728.89,3051,3289.0,EstevanRamos@disney.com,Ramos*Estevan!987
Derek,Aguirre,"September 3, 1962",49,"500 W. University Ave, El Paso, TX 79968",(915) 747-5012,5711.110000000001,1048,328.0,2048,-399.67,3048,5092.0,DerekAguirre@disney.com,Aguirre*Derek!987
Mickey,Mouse,"July 21, 1941",1,"1313 Disneyland Dr, Anaheim, CA 92802",(714) 781-4636,2857.7400000000002,1000,3740.92,2000,-832.03,3000,5122.0,MickeyMouse@disney.com,Mouse*Mickey!987
Hercules,Disney,"March 27, 2004",33,"1313 Disneyland Dr, Anaheim, CA 92802",(714) 781-4636,1275.9,1032,4328.97,2032,-1381.5,3032,3335.0,HerculesDisney@disney.com,Disney*Hercules!987
Donald,Duck,"June 14, 2009",2,"1313 Disneyland Dr, Anaheim, CA 92802",(714) 781-4636,341.35,1001,4820.33,2001,-1239.22,3001,4778.0,DonaldDuck@disney.com,Duck*Donald!987
Juan,Gutierrez,"September 3, 1971",61,"500 W. University Ave, El Paso, TX 79968",(915) 747-5024,5337.3099999999995,1060,3349.49,2060,-1561.53,3060,9494.0,JuanGutierrez@disney.com,Gutierrez*Juan!987
Dafne,Bencomo,"April 6, 1984",47,"500 W. University Ave, El Paso, TX 79968",(915) 747-5010,6008.099999999999,1046,3443.4,2046,-282.9,3046,5986.0,DafneBencomo@disney.com,Bencomo*Dafne!987
Lilo,Disney,"August 22, 2013",35,"1313 Disneyland Dr, Anaheim, CA 92802",(714) 781-4636,1448.11,1034,2451.13,2034,-1737.07,3034,7428.0,LiloDisney@disney.com,Disney*Lilo!987
Mufassa,Disney,"May 24, 1938",13,"1313 Disneyland Dr, Anaheim, CA 92802",(714) 781-4636,1032.31,1012,4734.11,2012,-346.32,3012,8216.0,MufassaDisney@disney.com,Disney*Mufassa!987
Ervey,Montes,"September 23, 1956",51,"500 W. University Ave, El Paso, TX 79968",(915) 747-5014,4299.14,1050,3838.72,2050,-430.1,3050,7928.0,ErveyMontes@disney.com,Montes*Ervey!987
Juan,Rabelo,"February 5, 1944",62,"500 W. University Ave, El Paso, TX 79968",(915) 747-5025,5296.87,1061,1691.85,2061,-1936.56,3061,8306.0,JuanRabelo@disney.com,Rabelo*Juan!987
Hernan,Garcia,"March 29, 1964",57,"500 W. University Ave, El Paso, TX 79968",(915) 747-5020,4749.88,1056,3305.52,2056,-511.05,3056,3625.0,HernanGarcia@disney.com,Garcia*Hernan!987
Judith,Garcia,"June 21, 1971",63,"500 W. University Ave, El Paso, TX 79968",(915) 747-5026,4622.47,1062,1412.89,2062,-764.0,3062,6023.0,JudithGarcia@disney.com,Garcia*Judith!987
Nathan,Aun,"April 26, 1987",76,"500 W. University Ave, El Paso, TX 79968",(915) 747-5039,450.95,1075,3284.9,2075,-736.91,3075,7422.0,NathanAun@disney.com,Aun*Nathan!987
Jafar,Aladdin,"July 2, 1930",18,"1313 Disneyland Dr, Anaheim, CA 92802",(714) 781-4636,968.0600000000002,1017,1359.25,2017,-1124.05,3017,9544.0,JafarAladdin@disney.com,Aladdin*Jafar!987
Daniel,Mejia,"November 1, 2002",78,"500 W. University Ave, El Paso, TX 79968",(915) 747-5041,32138.72,1077,642.59,2077,-1368.18,3077,8870.0,DanielMejia@disney.com,Mejia*Daniel!987
Isaiah,Landin,"May 21, 2009",58,"500 W. University Ave, El Paso, TX 79968",(915) 747-5021,4393.56,1057,2328.42,2057,-648.02,3057,8601.0,IsaiahLandin@disney.com,Landin*Isaiah!987
Pinocchio,Disney,"April 2, 1983",30,"1313 Disneyland Dr, Anaheim, CA 92802",(714) 781-4636,487.35,1029,2450.4,2029,-1643.23,3029,3516.0,PinocchioDisney@disney.com,Disney*Pinocchio!987
David,Baptiste,"June 9, 1946",48,"500 W. University Ave, El Paso, TX 79968",(915) 747-5011,5517.41,1047,2565.44,2047,-1982.26,3047,4542.0,DavidBaptiste@disney.com,Baptiste*David!987
Captaiin,Hook,"December 8, 1990",27,"1313 Disneyland Dr, Anaheim, CA 92802",(714) 781-4636,1782.5600000000002,1026,4570.42,2026,-330.97,3026,8348.0,CaptaiinHook@disney.com,Hook*Captaiin!987
Kaa,Disney,"February 5, 1938",28,"1313 Disneyland Dr, Anaheim, CA 92802",(714) 781-4636,1691.69,1027,4776.21,2027,-1369.45,3027,5541.0,KaaDisney@disney.com,Disney*Kaa!987
Shere,Khan,"June 21, 1997",26,"1313 Disneyland Dr, Anaheim, CA 92802",(714) 781-4636,1774.58,1025,4054.58,2025,-241.58,3025,5698.0,ShereKhan@disney.com,Khan*Shere!987
Peter,Pan,"October 18, 1954",15,"1313 Disneyland Dr, Anaheim, CA 92802",(714) 781-4636,101.86000000000001,1014,2100.51,2014,-1274.09,3014,5738.0,PeterPan@disney.com,Pan*Peter!987
Chip,Disney,"October 28, 1965",6,"1313 Disneyland Dr, Anaheim, CA 92802",(714) 781-4636,1032.72,1005,4807.06,2005,-1526.55,3005,5881.0,ChipDisney@disney.com,Disney*Chip!987
Laurence,Labayen,"March 12, 1953",65,"500 W. University Ave, El Paso, TX 79968",(915) 747-5028,5563.66,1064,1732.34,2064,-1264.46,3064,5489.0,LaurenceLabayen@disney.com,Labayen*Laurence!987
Ursela,Mermaid,"September 10, 1967",19,"1313 Disneyland Dr, Anaheim, CA 92802",(714) 781-4636,375.33000000000004,1018,1730.29,2018,-1821.94,3018,4262.0,UrselaMermaid@disney.com,Mermaid*Ursela!987
Belle,Disney,"July 5, 1943",21,"1313 Disneyland Dr, Anaheim, CA 92802",(714) 781-4636,546.93,1020,1329.08,2020,-1608.53,3020,9463.0,BelleDisney@disney.com,Disney*Belle!987
Grecia,Navarrete,"March 29, 2011",56,"500 W. University Ave, El Paso, TX 79968",(915) 747-5019,5339.79,1055,3930.18,2055,-475.59,3055,9308.0,GreciaNavarrete@disney.com,Navarrete*Grecia!987
Buzz,Lightyear,"January 25, 1931",17,"1313 Disneyland Dr, Anaheim, CA 92802",(714) 781-4636,1720.63,1016,3592.66,2016,-1205.03,3016,3281.0,BuzzLightyear@disney.com,Lightyear*Buzz!987
Manuel,Melendez Lujan,"July 10, 1966",67,"500 W. University Ave, El Paso, TX 79968",(915) 747-5030,6557.42,1066,97.69,2066,-908.91,3066,7454.0,ManuelMelendez Lujan@disney.com,Melendez Lujan*Manuel!987
Anthony,Jasso,"April 12, 1936",42,"500 W. University Ave, El Paso, TX 79968",(915) 747-5005,5612.04,1041,2838.84,2041,-539.99,3041,6902.0,AnthonyJasso@disney.com,Jasso*Anthony!987
Mulan,Disney,"October 1, 1970",34,"1313 Disneyland Dr, Anaheim, CA 92802",(714) 781-4636,787.34,1033,254.44,2033,-197.46,3033,7946.0,MulanDisney@disney.com,Disney*Mulan!987
Oscar,Decena,"July 23, 1928",71,"500 W. University Ave, El Paso, TX 79968",(915) 747-5034,4284.5,1070,1436.44,2070,-1522.57,3070,6832.0,OscarDecena@disney.com,Decena*Oscar!987
Arae,Zarzosa,"May 3, 1975",43,"500 W. University Ave, El Paso, TX 79968",(915) 747-5006,4335.17,1042,2663.39,2042,-11.67,3042,7499.0,AraeZarzosa@disney.com,Zarzosa*Arae!987
Scar,Lion,"December 20, 1957",23,"1313 Disneyland Dr, Anaheim, CA 92802",(714) 781-4636,1917.17,1022,416.37,2022,-1140.91,3022,4650.0,ScarLion@disney.com,Lion*Scar!987
Alyssandra,Cordero,"October 2, 1930",41,"500 W. University Ave, El Paso, TX 79968",(915) 747-5004,5026.69,1040,1419.14,2040,-622.78,3040,3117.0,AlyssandraCordero@disney.com,Cordero*Alyssandra!987
Simba,King,"December 15, 1983",24,"1313 Disneyland Dr, Anaheim, CA 92802",(714) 781-4636,1202.03,1023,756.92,2023,-782.42,3023,9184.0,SimbaKing@disney.com,King*Simba!987
Cruella,De Vil,"March 28, 1962",22,"1313 Disneyland Dr, Anaheim, CA 92802",(714) 781-4636,1479.21,1021,3934.52,2021,-1145.01,3021,8983.0,CruellaDe Vil@disney.com,De Vil*Cruella!987
Eduardo,Garcia,"September 25, 1954",50,"500 W. University Ave, El Paso, TX 79968",(915) 747-5013,5659.23,1049,3163.96,2049,-1846.05,3049,3591.0,EduardoGarcia@disney.com,Garcia*Eduardo!987
Cinderella,Disney,"April 24, 2019",8,"1313 Disneyland Dr, Anaheim, CA 92802",(714) 781-4636,837.5400000000001,1007,4322.91,2007,-626.65,3007,4870.0,CinderellaDisney@disney.com,Disney*Cinderella!987
Gaston,Disney,"May 12, 1953",25,"1313 Disneyland Dr, Anaheim, CA 92802",(714) 781-4636,1286.34,1024,4254.12,2024,-936.19,3024,6665.0,GastonDisney@disney.com,Disney*Gaston!987
Mauricio,Ornelas-Gutierrez,"April 2, 1939",69,"500 W. University Ave, El Paso, TX 79968",(915) 747-5032,5195.179999999999,1068,4973.67,2068,-1775.99,3068,5421.0,MauricioOrnelas-Gutierrez@disney.com,Ornelas-Gutierrez*Mauricio!987
Alfonso,Beltran,"August 4, 1967",39,"500 W. University Ave, El Paso, TX 79968",(915) 747-5002,5084.5,1038,3888.01,2038,-80.83,3038,4511.0,AlfonsoBeltran@disney.com,Beltran*Alfonso!987
Thor,Rag,"September 08, 7890",104,"Asgard",(345) 678-9000,700.0,1103,100.0,2103,-100.0,3103,500.0,ThorRag@disney.com,pass
Goofy,Disney,"December 8, 1968",4,"1313 Disneyland Dr, Anaheim, CA 92802",(714) 781-4636,1672.9499999999998,1003,3937.17,2003,-208.05,3003,4961.0,GoofyDisney@disney.com,Disney*Goofy!987
Yulianna,Torres,"June 4, 1953",75,"500 W. University Ave, El Paso, TX 79968",(915) 747-5038,5185.98,1074,263.76,2074,-1589.04,3074,3662.0,YuliannaTorres@disney.com,Torres*Yulianna!987
Aladdin,Disney,"July 30, 1976",11,"1313 Disneyland Dr, Anaheim, CA 92802",(714) 781-4636,1026.1,1010,3414.81,2010,-1711.79,3010,9035.0,AladdinDisney@disney.com,Disney*Aladdin!987
Simba,Disney,"September 13, 1987",12,"1313 Disneyland Dr, Anaheim, CA 92802",(714) 781-4636,1433.97,1011,4628.96,2011,-1912.0,3011,3789.0,SimbaDisney@disney.com,Disney*Simba!987
Cesar,Cabrera,"November 11, 1956",45,"500 W. University Ave, El Paso, TX 79968",(915) 747-5008,5569.96,1044,3242.37,2044,-477.05,3044,9099.0,CesarCabrera@disney.com,Cabrera*Cesar!987
Sofia,Hernandez,"December 9, 2011",74,"500 W. University Ave, El Paso, TX 79968",(915) 747-5037,4764.74,1073,3366.44,2073,-984.84,3073,3692.0,SofiaHernandez@disney.com,Hernandez*Sofia!987
Gavin,Baechle,"September 2, 1971",54,"500 W. University Ave, El Paso, TX 79968",(915) 747-5017,6143.11,1053,121.07000000000001,2053,-157.78,3053,6016.0,GavinBaechle@disney.com,Baechle*Gavin!987
Alfredo,Rodriguez,"May 13, 1965",40,"500 W. University Ave, El Paso, TX 79968",(915) 747-5003,5850.240000000001,1039,3080.82,2039,-519.11,3039,4559.0,AlfredoRodriguez@disney.com,Rodriguez*Alfredo!987
Pluto,Disney,"June 10, 1993",5,"1313 Disneyland Dr, Anaheim, CA 92802",(714) 781-4636,279.71,1004,4063.1499999999996,2004,-313.08,3004,6118.0,PlutoDisney@disney.com,Disney*Pluto!987
Manuel,Ruvalcaba,"December 25, 1993",68,"500 W. University Ave, El Paso, TX 79968",(915) 747-5031,4680.64,1067,2165.7799999999997,2067,-314.17,3067,7474.0,ManuelRuvalcaba@disney.com,Ruvalcaba*Manuel!987
Minh,Dang,"November 6, 1981",70,"500 W. University Ave, El Paso, TX 79968",(915) 747-5033,4623.41,1069,4556.59,2069,-1026.33,3069,6806.0,MinhDang@disney.com,Dang*Minh!987
Khandoker,Rahad,"July 22, 2010",77,"500 W. University Ave, El Paso, TX 79968",(915) 747-5040,1527.29,1076,103.53,2076,-1886.38,3076,3329.0,KhandokerRahad@disney.com,Rahad*Khandoker!987
Aurora,Disney,"September 17, 1994",14,"1313 Disneyland Dr, Anaheim, CA 92802",(714) 781-4636,434.28,1013,4745.56,2013,-715.58,3013,7527.0,AuroraDisney@disney.com,Disney*Aurora!987
Beast,Disney,"January 25, 1944",20,"1313 Disneyland Dr, Anaheim, CA 92802",(714) 781-4636,940.4300000000001,1019,2723.58,2019,-1415.03,3019,8133.0,BeastDisney@disney.com,Disney*Beast!987
Jasmine,Disney,"August 12, 1987",10,"1313 Disneyland Dr, Anaheim, CA 92802",(714) 781-4636,1248.1999999999998,1009,2562.87,2009,-1163.2,3009,5310.0,JasmineDisney@disney.com,Disney*Jasmine!987
Ariel,Disney,"August 6, 1946",9,"1313 Disneyland Dr, Anaheim, CA 92802",(714) 781-4636,245.06,1008,3099.59,2008,-1307.98,3008,5176.0,ArielDisney@disney.com,Disney*Ariel!987
Jose,Rodriguez Ortega,"March 6, 1989",59,"500 W. University Ave, El Paso, TX 79968",(915) 747-5022,4393.7300000000005,1058,1369.33,2058,-1946.74,3058,4464.0,JoseRodriguez Ortega@disney.com,Rodriguez Ortega*Jose!987
Quasimodo,Disney,"August 16, 1944",32,"1313 Disneyland Dr, Anaheim, CA 92802",(714) 781-4636,1429.65,1031,4389.41,2031,-755.12,3031,4598.0,QuasimodoDisney@disney.com,Disney*Quasimodo!987
Daniel,Z,"September 24, 2008",103,"500 W. University Ave, El Paso, TX 79968",(915) 747-5066,1497.87,1102,1857.88,2102,-1908.51,3102,8559.0,DanielZ@disney.com,Z*Daniel!987
Daniel,Y,"November 29, 1958",102,"500 W. University Ave, El Paso, TX 79968",(915) 747-5065,1724.81,1101,3906.71,2101,-1945.53,3101,9499.0,DanielY@disney.com,Y*Daniel!987
Minnie,Mouse,"October 14, 1940",3,"1313 Disneyland Dr, Anaheim, CA 92802",(714) 781-4636,16.25,1002,41.82,2002,-440.11,3002,7672.0,MinnieMouse@disney.com,Mouse*Minnie!987
Prince,Eric,"August 7, 2014",31,"1313 Disneyland Dr, Anaheim, CA 92802",(714) 781-4636,1984.69,1030,3887.06,2030,-1147.04,3030,3436.0,PrinceEric@disney.com,Eric*Prince!987
Daniel,X,"June 29, 2003",101,"500 W. University Ave, El Paso, TX 79968",(915) 747-5064,1244.07,1100,534.43,2100,-506.23,3100,6226.0,DanielX@disney.com,X*Daniel!987
Daniel,W,"February 4, 1989",100,"500 W. University Ave, El Paso, TX 79968",(915) 747-5063,479.43,1099,3165.21,2099,-1249.36,3099,8041.0,DanielW@disney.com,W*Daniel!987
